{
    "function form": "f(x) = (A0 + A1*x + A2*x^2 + ... + An*x^n)/(B0 + B1*x + B2*x^2 + ... + Bn*x^n)",
    "error": 0.010254424549484813,
    "constants": [
        [
            0.22801819084316094,
            0.45800308452610095
        ],
        [
            0.6870145988513193,
            -2.456215283861672e-05
        ]
    ],
    "constants-rounded": [
        [
            1.0,
            2.0
        ],
        [
            3.0,
            -0.0
        ]
    ]
}