{
    "function form": "f(x) = (A0 + A1*x + A2*x^2 + ... + An*x^n)/(B0 + B1*x + B2*x^2 + ... + Bn*x^n)",
    "error": 21.876677102481278,
    "constants": [
        [
            -0.3203818493649655,
            -0.2946277078493821,
            0.6254078840888742
        ],
        [
            0.05334030616204686,
            0.9090292856114154,
            0.16204416088936122
        ]
    ],
    "constants-rounded": [
        [
            -6.4,
            -5.8,
            12.6
        ],
        [
            1.0,
            18.2,
            3.2
        ]
    ]
}