{
    "function form": "f(x) = A0 + A1*x + A2*x^2 + ... + An*x^n",
    "error": 9.570007918906728e-13,
    "constants": [
        0.3333333333333328,
        0.6666666742291283
    ],
    "constants-rounded": [
        0.33,
        0.67
    ]
}