{
    "An": [
        0.2695171605118356,
        0.5390343118766749
    ],
    "Bn": [
        0.8085514677715551,
        1.1419022798603692e-10
    ],
    "error": 7.157173546572378e-15,
    "An-rounded": [
        1.0,
        2.0
    ],
    "Bn-rounded": [
        3.0,
        0.0
    ]
}