{
    "function form": "f(x) = (A0 + A1*x + A2*x^2 + ... + An*x^n)/(B0 + B1*x + B2*x^2 + ... + Bn*x^n)",
    "error": 0.010161372661679382,
    "constants": [
        [
            0.13559533110359992,
            -0.00011522076858242294
        ],
        [
            0.0019061495043530938,
            0.13387959602802174
        ]
    ],
    "constants-rounded": [
        [
            1.08,
            -0.0
        ],
        [
            0.0,
            1.0
        ]
    ]
}