{
    "An": [
        0.2440170453509844,
        -5.8839405102088854e-05
    ],
    "Bn": [
        0.0009237110882844682,
        0.24316123380373744
    ],
    "error": 1.4673411705665197e-06,
    "An-rounded": [
        1.0,
        -0.0
    ],
    "Bn-rounded": [
        0.0,
        1.0
    ]
}